{
  "accuracy": 0.432,
  "macro_f1": 0.37416261194556094,
  "report": {
    "FR": {
      "precision": 0.40707964601769914,
      "recall": 0.92,
      "f1-score": 0.5644171779141104,
      "support": 50.0
    },
    "NFR": {
      "precision": 0.6666666666666666,
      "recall": 0.10666666666666667,
      "f1-score": 0.1839080459770115,
      "support": 75.0
    },
    "accuracy": 0.432,
    "macro avg": {
      "precision": 0.5368731563421829,
      "recall": 0.5133333333333333,
      "f1-score": 0.37416261194556094,
      "support": 125.0
    },
    "weighted avg": {
      "precision": 0.5628318584070796,
      "recall": 0.432,
      "f1-score": 0.336111698751851,
      "support": 125.0
    }
  }
}