{
  "macro_f1": 0.14177010100913032,
  "micro_f1": 0.1762360446570973,
  "report": {
    "NFR_boolean": {
      "precision": 0.05263157894736842,
      "recall": 0.010230179028132993,
      "f1-score": 0.017130620985010708,
      "support": 391.0
    },
    "reliability": {
      "precision": 0.008281573498964804,
      "recall": 1.0,
      "f1-score": 0.01642710472279261,
      "support": 8.0
    },
    "security": {
      "precision": 0.3069016152716593,
      "recall": 0.5414507772020726,
      "f1-score": 0.3917525773195876,
      "support": 386.0
    },
    "micro avg": {
      "precision": 0.1282646546720836,
      "recall": 0.28152866242038216,
      "f1-score": 0.1762360446570973,
      "support": 785.0
    },
    "macro avg": {
      "precision": 0.12260492257266419,
      "recall": 0.5172269854100685,
      "f1-score": 0.14177010100913032,
      "support": 785.0
    },
    "weighted avg": {
      "precision": 0.17720920184875574,
      "recall": 0.28152866242038216,
      "f1-score": 0.2013324643162832,
      "support": 785.0
    },
    "samples avg": {
      "precision": 0.06285072951739618,
      "recall": 0.04615600448933782,
      "f1-score": 0.051641414141414134,
      "support": 785.0
    }
  }
}