{
  "accuracy": 0.792,
  "macro_f1": 0.7669248422260471,
  "report": {
    "FR": {
      "precision": 0.8529411764705882,
      "recall": 0.58,
      "f1-score": 0.6904761904761905,
      "support": 50.0
    },
    "NFR": {
      "precision": 0.7692307692307693,
      "recall": 0.9333333333333333,
      "f1-score": 0.8433734939759037,
      "support": 75.0
    },
    "accuracy": 0.792,
    "macro avg": {
      "precision": 0.8110859728506787,
      "recall": 0.7566666666666666,
      "f1-score": 0.7669248422260471,
      "support": 125.0
    },
    "weighted avg": {
      "precision": 0.8027149321266968,
      "recall": 0.792,
      "f1-score": 0.7822145725760183,
      "support": 125.0
    }
  }
}