{
  "macro_f1": 0.4409364186240454,
  "micro_f1": 0.6572549019607843,
  "report": {
    "NFR_boolean": {
      "precision": 0.854251012145749,
      "recall": 0.5396419437340153,
      "f1-score": 0.6614420062695925,
      "support": 391.0
    },
    "reliability": {
      "precision": 0.0,
      "recall": 0.0,
      "f1-score": 0.0,
      "support": 8.0
    },
    "security": {
      "precision": 0.8559670781893004,
      "recall": 0.538860103626943,
      "f1-score": 0.6613672496025437,
      "support": 386.0
    },
    "micro avg": {
      "precision": 0.8551020408163266,
      "recall": 0.5337579617834395,
      "f1-score": 0.6572549019607843,
      "support": 785.0
    },
    "macro avg": {
      "precision": 0.5700726967783498,
      "recall": 0.3595006824536528,
      "f1-score": 0.4409364186240454,
      "support": 785.0
    },
    "weighted avg": {
      "precision": 0.8463890929045322,
      "recall": 0.5337579617834395,
      "f1-score": 0.6546644366853408,
      "support": 785.0
    },
    "samples avg": {
      "precision": 0.09048821548821549,
      "recall": 0.08796296296296297,
      "f1-score": 0.08879068462401794,
      "support": 785.0
    }
  }
}