{
  "accuracy": 0.448,
  "macro_f1": 0.43349753694581283,
  "report": {
    "FR": {
      "precision": 0.4,
      "recall": 0.76,
      "f1-score": 0.5241379310344828,
      "support": 50.0
    },
    "NFR": {
      "precision": 0.6,
      "recall": 0.24,
      "f1-score": 0.34285714285714286,
      "support": 75.0
    },
    "accuracy": 0.448,
    "macro avg": {
      "precision": 0.5,
      "recall": 0.5,
      "f1-score": 0.43349753694581283,
      "support": 125.0
    },
    "weighted avg": {
      "precision": 0.52,
      "recall": 0.448,
      "f1-score": 0.4153694581280788,
      "support": 125.0
    }
  }
}