{
  "macro_f1": 0.13595565565914317,
  "micro_f1": 0.20205799812909261,
  "report": {
    "NFR_boolean": {
      "precision": 0.1,
      "recall": 0.0076726342710997444,
      "f1-score": 0.014251781472684086,
      "support": 391.0
    },
    "reliability": {
      "precision": 0.03333333333333333,
      "recall": 0.125,
      "f1-score": 0.05263157894736842,
      "support": 8.0
    },
    "security": {
      "precision": 0.4642857142857143,
      "recall": 0.2694300518134715,
      "f1-score": 0.34098360655737703,
      "support": 386.0
    },
    "micro avg": {
      "precision": 0.38028169014084506,
      "recall": 0.1375796178343949,
      "f1-score": 0.20205799812909261,
      "support": 785.0
    },
    "macro avg": {
      "precision": 0.1992063492063492,
      "recall": 0.13403422869485707,
      "f1-score": 0.13595565565914317,
      "support": 785.0
    },
    "weighted avg": {
      "precision": 0.27844707309675465,
      "recall": 0.1375796178343949,
      "f1-score": 0.1753034029535617,
      "support": 785.0
    },
    "samples avg": {
      "precision": 0.04377104377104377,
      "recall": 0.022727272727272728,
      "f1-score": 0.029741863075196405,
      "support": 785.0
    }
  }
}