{
  "accuracy": 0.832,
  "macro_f1": 0.8217317487266553,
  "report": {
    "FR": {
      "precision": 0.8222222222222222,
      "recall": 0.74,
      "f1-score": 0.7789473684210526,
      "support": 50.0
    },
    "NFR": {
      "precision": 0.8375,
      "recall": 0.8933333333333333,
      "f1-score": 0.864516129032258,
      "support": 75.0
    },
    "accuracy": 0.832,
    "macro avg": {
      "precision": 0.8298611111111112,
      "recall": 0.8166666666666667,
      "f1-score": 0.8217317487266553,
      "support": 125.0
    },
    "weighted avg": {
      "precision": 0.831388888888889,
      "recall": 0.832,
      "f1-score": 0.8302886247877759,
      "support": 125.0
    }
  }
}