{
  "macro_f1": 0.4814787106170106,
  "micro_f1": 0.7180232558139535,
  "report": {
    "NFR_boolean": {
      "precision": 0.8355704697986577,
      "recall": 0.6368286445012787,
      "f1-score": 0.7227866473149492,
      "support": 391.0
    },
    "reliability": {
      "precision": 0.0,
      "recall": 0.0,
      "f1-score": 0.0,
      "support": 8.0
    },
    "security": {
      "precision": 0.8361774744027304,
      "recall": 0.6347150259067358,
      "f1-score": 0.7216494845360825,
      "support": 386.0
    },
    "micro avg": {
      "precision": 0.8358714043993232,
      "recall": 0.6292993630573248,
      "f1-score": 0.7180232558139535,
      "support": 785.0
    },
    "macro avg": {
      "precision": 0.557249314733796,
      "recall": 0.4238478901360048,
      "f1-score": 0.4814787106170106,
      "support": 785.0
    },
    "weighted avg": {
      "precision": 0.8273535781028396,
      "recall": 0.6292993630573248,
      "f1-score": 0.7148615033516853,
      "support": 785.0
    },
    "samples avg": {
      "precision": 0.10563973063973064,
      "recall": 0.10353535353535354,
      "f1-score": 0.10426487093153759,
      "support": 785.0
    }
  }
}